file,chapter,arguments,wait_seconds,alt
overview.png,07,-demo -tab overview,5,"The Overview: what the stock is worth, at cost."
overview-blind.png,08,-demo-counting -tab overview,5,"The Overview while a count is open: stock for the types being counted is hidden."
overview-types.png,07,-demo -overview types,5,"Stock by type: how much of each type the shop holds, and what it is worth."
overview-sales.png,07,-demo -overview sales,5,"Sales by week, with the festival weeks marked."
overview-attention.png,07,-demo -overview attention,5,"Needs attention: products below zero, out of stock, running low or not selling."
catalogue.png,05,-demo -tab catalogue,5,"The catalogue, grouped by type."
product-detail.png,05,-demo -product EAR-0002,5,"A product's page: its picture, stock and history."
product-below-zero.png,02,-demo -product NEC-0003,5,"A product whose stock went below zero because a sale was entered before its delivery."
ledger.png,02,-demo -tab ledger,5,"The ledger: every movement of stock, newest first."
counts.png,08,-demo -tab count,5,"The Count tab: past counts and how they went."
counts-open.png,08,-demo-counting -tab count,5,"The Count tab with a count open."
counting.png,08,-demo-counting -count counting,5,"Counting the necklaces in Showcase 2. No stock is shown while counting."
who-is-counting.png,08,-demo-counting -ask-people -count counting,5,"The count asks who is counting."
review.png,13,-demo-counting -count review,6,"Review: what was counted next to what was expected."
review-off-shelf.png,12,-demo-counting -off-shelf -count review,6,"Review with stock off the shelf: pieces at the karigar and on jangad are listed apart."
result.png,14,-demo -count result,6,"The result of the count at Showcase 1."
counting-strongroom.png,09,-demo-boxes -count counting,5,"Counting the Strongroom, with Scan tags and Box photo at the bottom."
box-capture.png,09,-demo-boxes -box capture,6,"Taking a box photo. The simulator has no camera, so it offers sample boxes."
box-review-1.png,09,-demo-boxes -box review -sample 1,10,"The review of a tagged box of earrings, each piece marked and numbered."
box-review-2.png,10,-demo-boxes -box review -sample 2,10,"The review of an untagged box of earrings, with pieces to identify."
box-review-3.png,09,-demo-boxes -box review -sample 3,10,"The review of a box of sets."
box-tags-1.png,09,-demo-boxes -box tags -sample 1,8,"What a tag scan of the first box found."
box-tags-3.png,09,-demo-boxes -box tags -sample 3,8,"What a tag scan of the box of sets found."
settings.png,04,-demo -tab settings,5,"Settings."
settings-people.png,04,-demo -tab settings -settings people,12,"Settings → People: the owner and the staff, each with a role."
settings-photo-counting.png,09,-demo -tab settings -settings photo-counting,12,"Settings → Photo counting: how the app's box counts compare with what people added."
settings-import-tags.png,05,-demo -tab settings -settings import-tags,6,"Importing a tag list: which tags link to which products."
settings-backup.png,15,-demo -tab settings -settings backup,5,"Settings → Backup."
overview-lower.png,07,ui test: testOverviewLower,0,"The lower part of the Overview: stock by type, sales and what needs attention."
record-sale.png,06,ui test: testProductSheets,0,"Recording a movement: received, sold, returned or adjusted."
send-out.png,12,ui test: testProductSheets,0,"Sending stock out of the shop: to jangad, the karigar or an order."
product-editor.png,05,ui test: testAddProduct,0,"Adding a product: its name, type, variant, codes, cost and price."
product-types.png,04,ui test: testSettingsScreens,0,"Product types, each with the unit it is counted in."
add-person.png,04,ui test: testPeopleScreens,0,"Adding a person: their name, role and PIN."
activity-log.png,04,ui test: testPeopleScreens,0,"The activity log: who did what, and when."
new-count.png,08,ui test: testNewCount,0,"Starting a new count: where, and which types."
find-by-code.png,08,ui test: testFindByCode,0,"Find by code: scan or type a barcode, SKU or piece tag to find a product's row."
quantity-entry.png,08,ui test: testCountToRecount,0,"Entering a count: add to what was counted so far, or set the total."
undo-banner.png,08,ui test: testCountToRecount,0,"After a change of more than one, the count offers Undo for a few seconds."
submit-dialog.png,13,ui test: testCountToRecount,0,"Submitting the count for review."
waiting-for-approval.png,13,ui test: testCountToRecount,0,"A submitted count waits for an approver; counting has stopped."
review-recount-first.png,13,ui test: testCountToRecount,0,"Review with a shortage that must be recounted first; its numbers stay hidden."
recount.png,13,ui test: testCountToRecount,0,"The recount is blind: the first count and the ledger stay hidden."
approve-to-review.png,13,ui test: testApproverPin,0,"Review asks for an approver who didn't count, and their PIN."
review-lower.png,13,ui test: testReviewAndComplete,0,"The lower part of Review: the products not counted, and what happens to them."
complete-count.png,13,ui test: testReviewAndComplete,0,"Completing the count: a reason, then the approver's PIN as the signature."
result-lower.png,14,ui test: testResult,0,"The lower part of a count's result: what the count changed, and what it left as it was."
result-export.png,14,ui test: testResult,0,"Exporting a count: the report as a PDF, or the lines and log as CSV."
piece-sheet.png,09,ui test: testBoxReviewSheets,0,"One piece of a box photo: the tag that was read, and the product it is."
add-piece.png,09,ui test: testBoxReviewSheets,0,"Adding a piece the app missed: tap where it is on the photo."
counting-after-box.png,09,ui test: testAddedBox,0,"The count after adding a box photo: the box is listed, and 3 pairs are still to identify."
counting-to-identify.png,10,ui test: testIdentifyQueue,0,"The count with pieces still to identify."
identify-queue.png,10,ui test: testIdentifyQueue,0,"The To identify queue: one piece at a time, with the products it may be."
book-stock-plan.png,11,ui test: testBookStock,0,"What loading the books will do: tag counts only, never any product's stock."
counting-books-loaded.png,11,ui test: testBookStock,0,"The count after loading the books, with the time they are as of."
