target,source
01-stock-basics,JholokKit/Sources/JholokDomain/CountUnit.swift
01-stock-basics,JholokKit/Sources/JholokDomain/OddSingles.swift
01-stock-basics,JholokKit/Sources/JholokDomain/SKUGenerator.swift
01-stock-basics,JholokKit/Sources/JholokDomain/StockMath.swift
01-stock-basics,JholokKit/Sources/JholokDomain/Insights/InsightSentences.swift
01-stock-basics,Jholok/Features/Catalogue/CatalogueView.swift
01-stock-basics,Jholok/Features/Catalogue/ProductDetailView.swift
01-stock-basics,docs/design/odd-singles.md
02-the-ledger,JholokKit/Sources/JholokDomain/MovementKind.swift
02-the-ledger,JholokKit/Sources/JholokDomain/LedgerCSV.swift
02-the-ledger,JholokKit/Sources/JholokData/Stock.swift
02-the-ledger,Jholok/Features/Ledger/*
02-the-ledger,Jholok/Features/Catalogue/RecordMovementView.swift
03-counting-and-reconciliation,JholokKit/Sources/JholokDomain/Reconciliation.swift
03-counting-and-reconciliation,JholokKit/Sources/JholokDomain/OddSingles.swift
03-counting-and-reconciliation,JholokKit/Sources/JholokData/CountApproval.swift
03-counting-and-reconciliation,Jholok/Features/Count/CountReviewView.swift
03-counting-and-reconciliation,docs/design/honest-summaries.md
04-setting-up,Jholok/Features/People/*
04-setting-up,Jholok/Features/Settings/SettingsView.swift
04-setting-up,Jholok/App/AppLock.swift
04-setting-up,JholokKit/Sources/JholokDomain/AppLock.swift
04-setting-up,JholokKit/Sources/JholokDomain/People/*
04-setting-up,JholokKit/Sources/JholokData/People.swift
04-setting-up,JholokKit/Sources/JholokData/PeopleModels.swift
04-setting-up,docs/design/people-and-log.md
05-the-catalogue,Jholok/Features/Catalogue/CatalogueView.swift
05-the-catalogue,Jholok/Features/Catalogue/ProductDetailView.swift
05-the-catalogue,Jholok/Features/Catalogue/ProductEditorView.swift
05-the-catalogue,Jholok/Features/Catalogue/PhotoSessionView.swift
05-the-catalogue,Jholok/Features/Catalogue/ProductTagsView.swift
05-the-catalogue,Jholok/Features/Settings/ImportCatalogueView.swift
05-the-catalogue,Jholok/Features/Settings/ImportTagsView.swift
05-the-catalogue,Jholok/Features/Settings/ProductTypesView.swift
05-the-catalogue,JholokKit/Sources/JholokDomain/CatalogueCSV.swift
05-the-catalogue,JholokKit/Sources/JholokDomain/SKUGenerator.swift
05-the-catalogue,JholokKit/Sources/JholokData/CatalogueImporter.swift
05-the-catalogue,JholokKit/Sources/JholokData/TagList*.swift
06-recording-movements,Jholok/Features/Catalogue/RecordMovementView.swift
06-recording-movements,Jholok/Features/Catalogue/SendOutSheet.swift
06-recording-movements,JholokKit/Sources/JholokDomain/MovementKind.swift
06-recording-movements,JholokKit/Sources/JholokDomain/StockPlace.swift
06-recording-movements,JholokKit/Sources/JholokData/Stock.swift
06-recording-movements,JholokKit/Sources/JholokData/StockStates.swift
06-recording-movements,docs/design/stock-states.md
07-the-overview,Jholok/Features/Overview/*
07-the-overview,Jholok/App/Insights.swift
07-the-overview,JholokKit/Sources/JholokDomain/Insights/*
07-the-overview,docs/design/honest-summaries.md
07-the-overview,docs/design/visual-layer.md
08-a-count-start-to-finish,Jholok/Features/Count/CountsView.swift
08-a-count-start-to-finish,Jholok/Features/Count/NewCountView.swift
08-a-count-start-to-finish,Jholok/Features/Count/CountingView.swift
08-a-count-start-to-finish,Jholok/Features/Count/QuantityEntryView.swift
08-a-count-start-to-finish,Jholok/Features/Count/FindByCodeSheet.swift
08-a-count-start-to-finish,Jholok/Features/People/PinPrompter.swift
08-a-count-start-to-finish,JholokKit/Sources/JholokDomain/CountEntry.swift
08-a-count-start-to-finish,JholokKit/Sources/JholokDomain/CountUndo.swift
08-a-count-start-to-finish,JholokKit/Sources/JholokDomain/OddSingles.swift
08-a-count-start-to-finish,JholokKit/Sources/JholokDomain/Insights/BlindMask.swift
08-a-count-start-to-finish,JholokKit/Sources/JholokData/Counting.swift
09-counting-boxes,Jholok/Features/BoxCount/*
09-counting-boxes,Jholok/Features/Settings/PhotoCountingView.swift
09-counting-boxes,Jholok/Features/Settings/BoxPhotosExportView.swift
09-counting-boxes,JholokKit/Sources/JholokDomain/BoxCounting/*
09-counting-boxes,JholokKit/Sources/JholokData/BoxCounts.swift
09-counting-boxes,JholokKit/Sources/JholokData/BoxModels.swift
09-counting-boxes,docs/design/photo-counting.md
09-counting-boxes,docs/design/box-review.md
09-counting-boxes,TestFlight/WhatToTest.en-US.txt
10-identify-later,Jholok/Features/BoxCount/IdentifyQueue*.swift
10-identify-later,Jholok/Features/BoxCount/PieceSheet.swift
10-identify-later,JholokKit/Sources/JholokData/IdentifyLater.swift
10-identify-later,docs/design/box-review.md
11-book-stock,Jholok/Features/Count/BookStockSheet.swift
11-book-stock,Jholok/Features/Settings/BookStockWordsView.swift
11-book-stock,JholokKit/Sources/JholokDomain/BookStock.swift
11-book-stock,JholokKit/Sources/JholokDomain/StockPlace.swift
11-book-stock,JholokKit/Sources/JholokData/BookStock.swift
11-book-stock,JholokKit/Sources/JholokData/BookModels.swift
11-book-stock,docs/design/book-stock.md
12-off-the-shelf-and-cut-off,Jholok/Features/Catalogue/SendOutSheet.swift
12-off-the-shelf-and-cut-off,JholokKit/Sources/JholokDomain/CutOff.swift
12-off-the-shelf-and-cut-off,JholokKit/Sources/JholokDomain/StockStateSentences.swift
12-off-the-shelf-and-cut-off,JholokKit/Sources/JholokData/CutOffs.swift
12-off-the-shelf-and-cut-off,JholokKit/Sources/JholokData/StockStates.swift
12-off-the-shelf-and-cut-off,docs/design/stock-states.md
13-submit-review-complete,Jholok/Features/Count/CountReviewView.swift
13-submit-review-complete,Jholok/Features/Count/CompleteCountSheet.swift
13-submit-review-complete,Jholok/Features/Count/DiscrepancyRow.swift
13-submit-review-complete,Jholok/Features/Count/CountSummaryView.swift
13-submit-review-complete,JholokKit/Sources/JholokDomain/Reconciliation.swift
13-submit-review-complete,JholokKit/Sources/JholokDomain/Insights/ProportionComparison.swift
13-submit-review-complete,JholokKit/Sources/JholokData/CountApproval.swift
13-submit-review-complete,docs/design/honest-summaries.md
14-results-and-report,Jholok/Features/Count/CountResultView.swift
14-results-and-report,Jholok/Features/Count/Report/*
14-results-and-report,Jholok/Features/Count/CountsView.swift
14-results-and-report,Jholok/Features/Count/CountHistoryTable.swift
14-results-and-report,Jholok/Features/Count/AccuracyChart.swift
14-results-and-report,Jholok/Features/Settings/ExportView.swift
14-results-and-report,JholokKit/Sources/JholokDomain/CountReport.swift
14-results-and-report,JholokKit/Sources/JholokDomain/Insights/CountHistory.swift
14-results-and-report,JholokKit/Sources/JholokData/CountReports.swift
14-results-and-report,JholokKit/Sources/JholokData/Exports.swift
14-results-and-report,docs/design/count-report.md
15-keeping-data-safe,Jholok/Features/Settings/BackupView.swift
15-keeping-data-safe,Jholok/Features/Settings/RestoreBackupView.swift
15-keeping-data-safe,Jholok/Features/Settings/BackupPreferences.swift
15-keeping-data-safe,Jholok/Features/Settings/DiagnosticsView.swift
15-keeping-data-safe,Jholok/App/AppLock.swift
15-keeping-data-safe,Jholok/App/StoreFailureView.swift
15-keeping-data-safe,JholokKit/Sources/JholokDomain/Backup.swift
15-keeping-data-safe,JholokKit/Sources/JholokDomain/DiagnosticsSentences.swift
15-keeping-data-safe,JholokKit/Sources/JholokData/Backup/*
15-keeping-data-safe,JholokKit/Sources/JholokData/Saving.swift
15-keeping-data-safe,JholokKit/Sources/JholokData/Diagnostics.swift
16-stories-from-the-shop,JholokKit/Sources/JholokDemo/*
16-stories-from-the-shop,Jholok/DevTools/DemoReplay.swift
16-stories-from-the-shop,Jholok/DevTools/DemoStockStates.swift
the R shop,JholokKit/Sources/JholokDemo/*
the R shop,Jholok/DevTools/DemoReplay.swift
the R shop,Jholok/DevTools/DemoStockStates.swift
the R shop,Jholok/DevTools/DemoBookFile.swift
the sample boxes,Jholok/DevTools/DemoBoxes/*
the screenshots,Jholok/App/DebugLaunch*.swift
the screenshots,Jholok/DevTools/ReportDebugLaunch.swift
the screenshots,JholokUITests/GuideScreenshotsUITests.swift
